{
  "week_of": "2025-09-29",
  "tool": {
    "name": "Metatron Calculator",
    "type": "app",
    "url": "#",
    "thumb": "/images/tools/metabit-planner.png",
    "blurb": "Plan, scope, and version Metabit artifacts with AI-guided dials."
  },
  "projects": [
    {
      "title": "Metatron Calculator Alpha",
      "url": "#",
      "blurb": "Persona-orchestrated reasoning engine."
    },
    {
      "title": "Bit Sutra GPT",
      "url": "#",
      "blurb": "Pocketable axioms for daily practice."
    }
  ]
}